Day,Message
January 1,New Year's Day – Fresh starts and new beginnings!
January 2,Science Fiction Day – Time to rewatch your favorite sci-fi classic.
January 3,Festival of Sleep Day – Permission granted to nap all day.
January 4,World Braille Day – Honoring Louis Braille and accessibility for all.
January 5,"Bird Day – Tweet, chirp, and learn about our feathered friends."
January 6,"Bean Day – Whether coffee or kidney, today’s all about beans."
January 7,Old Rock Day – Celebrate ancient stones and fossils.
January 8,"Bubble Bath Day – Soak, relax, and feel fabulous."
January 9,"Balloon Ascension Day – Look up, there’s joy in the sky!"
January 10,Houseplant Appreciation Day – Water your green babies!
January 11,"Milk Day – Got milk? Today, we celebrate it."
January 12,Kiss a Ginger Day – Spread love to your redheaded friends.
January 13,Sticker Day – Decorate everything with joy.
January 14,Dress Up Your Pet Day – Give Mr. Whiskers some flair.
January 15,Strawberry Ice Cream Day – A scoop a day keeps the blues away.
January 16,International Hot and Spicy Food Day – Bring the heat!
January 17,Ditch New Year’s Resolutions Day – We tried.
January 18,Thesaurus Day – Say it with synonyms.
January 19,Popcorn Day – Get poppin’ with your favorite flavor.
January 20,Cheese Lovers Day – Brie excited. It’s grate.
January 21,Hugging Day – Go squeeze your loved ones.
January 22,Answer Your Cat’s Questions Day – Meow back today.
January 23,Handwriting Day – Write something pretty by hand.
January 24,Peanut Butter Day – Smooth or crunchy?
January 25,Opposite Day – Or is it?
January 26,Australia Day – Cheers to the Land Down Under!
January 27,"Chocolate Cake Day – Dessert first, always."
January 28,"Data Privacy Day – Stay secure, stay savvy."
January 29,Puzzle Day – Piece together something fun.
January 30,"Croissant Day – Flaky, buttery perfection."
January 31,Inspire Your Heart With Art Day – Visit a gallery or doodle something new.
February 1,Decorating With Candy Day – Sweeten up your space!
February 2,Groundhog Day – Will there be six more weeks of winter?
February 3,Carrot Cake Day – Veggies never tasted so good.
February 4,World Cancer Day – Raising awareness and fighting together.
February 5,Chocolate Fondue Day – Dip everything in chocolate!
February 6,Lame Duck Day – Celebrate those leaving office with grace.
February 7,Send a Card to a Friend Day – Snail mail love.
February 8,Kite Flying Day – Let your dreams soar.
February 9,Pizza Day – A slice of happiness!
February 10,Umbrella Day – Stay dry and stylish.
February 11,"Make a Friend Day – Say hi, start a connection."
February 12,Darwin Day – Celebrate science and evolution.
February 13,World Radio Day – Tune into something cool.
February 14,Valentine’s Day – Love is in the air!
February 15,Singles Awareness Day – Celebrate YOU.
February 16,"Almond Day – Crunchy, healthy goodness."
February 17,Random Acts of Kindness Day – Be kind. Always.
February 18,Battery Day – Charge up your devices (and yourself).
February 19,"Chocolate Mint Day – Fresh, rich indulgence."
February 20,Love Your Pet Day – Give extra treats and cuddles!
February 21,International Mother Language Day – Celebrate linguistic diversity.
February 22,"Thinking Day – Reflect, dream, and connect."
February 23,Tile Day – Appreciate the floors beneath our feet!
February 24,Tortilla Chip Day – Crunch responsibly.
February 25,Clam Chowder Day – Creamy comfort in a bowl.
February 26,Tell a Fairy Tale Day – Once upon a time...
February 27,Strawberry Day – Berry sweet and delicious.
February 28,Public Sleeping Day – Catch a snooze in public!
February 29,Leap Day – A rare extra day (if it exists this year)!
March 1,World Compliment Day – Say something nice today!
March 2,Old Stuff Day – Embrace the charm of the past.
March 3,"World Wildlife Day – Roar, chirp, and appreciate nature."
March 4,"Grammar Day – Let's eat, Grandma vs. Let's eat Grandma!"
March 5,"Cheese Doodle Day – Orange fingers, happy heart."
March 6,Dentist’s Day – Say cheese and thank your dentist.
March 7,"Cereal Day – Snap, crackle, pop into your morning."
March 8,International Women’s Day – Empowerment and equality!
March 9,Panic Day – Take a deep breath… or scream (just once).
March 10,Pack Your Lunch Day – Fuel up homemade style.
March 11,"Napping Day – Dream big, nap well."
March 12,Plant a Flower Day – Bloom where you're planted.
March 13,Open an Umbrella Indoors Day – If you dare.
March 14,Pi Day – 3.14 reasons to eat pie!
March 15,Everything You Think Is Wrong Day – Or is it?
March 16,Everything You Do Is Right Day – See? Better now.
March 17,St. Patrick’s Day – Shamrocks and green galore!
March 18,Awkward Moments Day – Embrace the cringe.
March 19,"Let’s Laugh Day – LOL, ROFL, LMAO, etc."
March 20,International Day of Happiness – Choose joy!
March 21,"Poetry Day – Roses are red, violets are blue..."
March 22,World Water Day – Respect every drop.
March 23,Puppy Day – Maximum cuteness alert!
March 24,Chocolate Covered Raisins Day – Underrated snack hero.
March 25,Tolkien Reading Day – For Frodo!
March 26,Make Up Your Own Holiday Day – Today is Pancake Hat Day!
March 27,World Theatre Day – All the world’s a stage.
March 28,Respect Your Cat Day – Bow to your feline overlords.
March 29,Smoke and Mirrors Day – Illusions all around.
March 30,Take a Walk in the Park Day – Nature is calling.
March 31,"Backup Day – Save your files, thank yourself later."
April 1,April Fool’s Day – Don’t believe everything today!
April 2,World Autism Awareness Day – Light it up blue.
April 3,Find a Rainbow Day – Chase color in the clouds.
April 4,"Walk Around Things Day – Literally, go around it."
April 5,"Deep Dish Pizza Day – Thick crust, deep flavor."
April 6,New Beer’s Eve – Cheers to a cold one!
April 7,World Health Day – Your wellness matters.
April 8,Zoo Lovers Day – Visit your local wild friends.
April 9,Unicorn Day – Believe in magic and glitter.
April 10,Siblings Day – Call your chaos buddy.
April 11,"Pet Day – They’re family, treat them so!"
April 12,"Grilled Cheese Day – Golden, gooey goodness."
April 13,"Scrabble Day – Triple word score, anyone?"
April 14,Dolphin Day – Flippin’ awesome creatures.
April 15,Tax Day (US) – Breathe. You got this.
April 16,Wear Pajamas to Work Day – Cozy is key.
April 17,Haiku Poetry Day – 5-7-5 your life.
April 18,World Heritage Day – Celebrate global treasures.
April 19,"Garlic Day – Vampires, beware."
April 20,Look-Alike Day – Who’s your doppelgänger?
April 21,Kindergarten Day – Remember finger paints?
April 22,Earth Day – Love your planet!
April 23,World Book Day – Get lost in a story.
April 24,Pigs in a Blanket Day – Cozy snack time.
April 25,DNA Day – It’s in your genes.
April 26,"Pretzel Day – Twisty, salty delight."
April 27,Tell a Story Day – Spin a tale!
April 28,"Superhero Day – Capes on, hearts out."
April 29,Dance Day – Boogie like no one’s watching.
April 30,Honesty Day – Keep it real.
May 1,May Day – Spring is in full swing!
May 2,World Tuna Day – A fishy celebration.
May 3,World Press Freedom Day – Journalism matters.
May 4,Star Wars Day – May the 4th be with you.
May 5,"Cinco de Mayo – Tacos, tunes, and culture!"
May 6,No Diet Day – Eat what you love.
May 7,"World Laughter Day – Ha ha, pass it on!"
May 8,No Socks Day – Let those toes breathe.
May 9,Lost Sock Memorial Day – RIP lil buddy.
May 10,Clean Up Your Room Day – Declutter your life.
May 11,Twilight Zone Day – Embrace the weird.
May 12,International Nurses Day – Thank a real hero.
May 13,Apple Pie Day – As American as it gets.
May 14,Dance Like a Chicken Day – Bok bok boogie!
May 15,International Day of Families – Home is love.
May 16,Drawing Day – Sketch your soul out.
May 17,World Telecommunication Day – Stay connected.
May 18,Visit Your Relatives Day – Drop by or dial in.
May 19,Devil’s Food Cake Day – Sinfully good dessert.
May 20,Bee Day – Save the buzzers.
May 21,Waitstaff Day – Tip with kindness.
May 22,"Goth Day – Wear black, feel seen."
May 23,Turtle Day – Slow and steady wins.
May 24,Scavenger Hunt Day – Find fun in the ordinary.
May 25,Towel Day – A Douglas Adams tribute!
May 26,Blueberry Cheesecake Day – Yes please.
May 27,Cellophane Tape Day – Stick with it.
May 28,Hamburger Day – Bite into greatness.
May 29,Paperclip Day – Holding things together since forever.
May 30,Water a Flower Day – Hydrate your petals.
May 31,World No Tobacco Day – Breathe easy.
June 1,Global Day of Parents – Hug your parents or parent-figures!
June 2,"Rocky Road Day – Chocolate, marshmallows, nuts… yes."
June 3,World Bicycle Day – Pedal power rules.
June 4,Cheese Day – Every slice is a celebration.
June 5,World Environment Day – Go green today.
June 6,Eyewear Day – Flaunt your specs.
June 7,Chocolate Ice Cream Day – Double scoop it.
June 8,World Oceans Day – Big blue love.
June 9,Donald Duck Day – Quack it up!
June 10,Iced Tea Day – Sip back and relax.
June 11,Corn on the Cob Day – Butter up!
June 12,Superman Day – Capes optional.
June 13,Sewing Machine Day – Stitch your heart out.
June 14,Flag Day (US) – Stars and stripes appreciation.
June 15,Smile Power Day – Flash those pearly whites.
June 16,Fresh Veggies Day – Crunch time!
June 17,"Eat Your Vegetables Day – Yes, again. Sorry."
June 18,"International Picnic Day – Blanket, snacks, vibes."
June 19,Juneteenth – Celebrate freedom and heritage.
June 20,World Refugee Day – Honor resilience and hope.
June 21,"International Yoga Day – Breathe in, vibe out."
June 22,Onion Ring Day – Circle of golden joy.
June 23,Pink Day – Rock your favorite rosy hue.
June 24,Fairy Day – Sprinkle some whimsy.
June 25,Catfish Day – Slippery and tasty.
June 26,Canoe Day – Paddle into peace.
June 27,Sunglasses Day – Throw some shade (fashionably).
June 28,Tapioca Day – Boba lovers unite.
June 29,Camera Day – Capture a moment today.
June 30,Meteor Watch Day – Look up and wish.
July 1,International Joke Day – Laugh it off!
July 2,World UFO Day – Keep your eyes on the skies.
July 3,"Compliment Your Mirror Day – You're stunning, btw."
July 4,Independence Day (US) – Fireworks and freedom!
July 5,"Workaholics Day – Take a break, seriously."
July 6,Fried Chicken Day – Crispy cravings inbound.
July 7,World Chocolate Day – Sweet tooth’s dream day.
July 8,Video Game Day – Play like it’s 1999.
July 9,"Sugar Cookie Day – Soft, sweet, sensational."
July 10,Teddy Bear Picnic Day – Stuffed friends welcome!
July 11,Cheer Up the Lonely Day – Be someone’s light.
July 12,Different Colored Eyes Day – Celebrate uniqueness!
July 13,French Fries Day – Ketchup not optional.
July 14,Shark Awareness Day – Respect the apex predator.
July 15,Gummi Worm Day – Wiggle into some sweetness.
July 16,Guinea Pig Appreciation Day – Tiny squeaks of joy.
July 17,World Emoji Day â€“ ğŸ˜‚ğŸ‰â¤ï¸ğŸŒ
July 18,Nelson Mandela Day – Inspire change.
July 19,Daiquiri Day – Chill with a cocktail.
July 20,Moon Day – One small step for man...
July 21,Junk Food Day – Treat yo’ self!
July 22,Hammock Day – Swing into serenity.
July 23,Vanilla Ice Cream Day – Classic never fails.
July 24,"Cousins Day – Family, but more fun."
July 25,Thread the Needle Day – Metaphor or literal? You decide.
July 26,Aunt and Uncle Day – Show love to your second parents.
July 27,Love is Kind Day – Kindness is love in action.
July 28,Milk Chocolate Day – Smooth and irresistible.
July 29,Tiger Day – Roar for wildlife conservation!
July 30,Friendship Day – Celebrate your ride-or-dies.
July 31,"Avocado Day – Toast it, mash it, love it."
August 1,Spider-Man Day – With great power comes great celebration.
August 2,Ice Cream Sandwich Day – Best of both worlds!
August 3,Watermelon Day – Slice into summer.
August 4,Chocolate Chip Cookie Day – Classic and comforting.
August 5,Oyster Day – Slurp responsibly.
August 6,"Fresh Breath Day – Minty fresh, all day."
August 7,Friendship Day (First Sunday) – Tag your bestie.
August 8,International Cat Day – Kneel before your furry overlord.
August 9,Book Lovers Day – Curl up with a good one.
August 10,Lazy Day – Do absolutely nothing. Perfectly.
August 11,"Son and Daughter Day – Hug your kids, fur babies count too."
August 12,World Elephant Day – Big love for gentle giants.
August 13,"Left-Handers Day – Southpaws, this one's yours."
August 14,Creamsicle Day – Orange you glad it's today?
August 15,Relaxation Day – Permission to chill granted.
August 16,Tell a Joke Day – Got puns?
August 17,Thrift Shop Day – Time to pop some tags.
August 18,Fajita Day – Sizzle into flavor town.
August 19,World Photography Day – Snap something magical.
August 20,Radio Day – Tune into something old school.
August 21,Senior Citizens Day – Wisdom and love all around.
August 22,Tooth Fairy Day – Don’t forget the sparkle.
August 23,"Sponge Cake Day – Light, fluffy, and fab."
August 24,"Waffle Day – Sweet or savory, always amazing."
August 25,Banana Split Day – Dessert goals unlocked.
August 26,Dog Day – Good boys and girls everywhere.
August 27,Just Because Day – Do it for no reason at all.
August 28,Bow Tie Day – Knot your average fashion statement.
August 29,Lemon Juice Day – Pucker up!
August 30,Toasted Marshmallow Day – Campfire vibes.
August 31,Trail Mix Day – Snack like you hike (even if you don’t).
September 1,World Letter Writing Day – Send some analog love.
September 2,World Coconut Day – Crack one open!
September 3,"Skyscraper Day – Tall, taller, tallest."
September 4,"Wildlife Day – Roar, chirp, and crawl in celebration."
September 5,Cheese Pizza Day – Simple. Iconic. Delicious.
September 6,Read a Book Day – Flip some pages today.
September 7,Salami Day – Meaty and mighty.
September 8,"Literacy Day – Read, write, empower."
September 9,Teddy Bear Day – Hugs all around.
September 10,Swap Ideas Day – Brainstorm party!
September 11,"Make Your Bed Day – Start neat, stay neat."
September 12,Video Games Day – Power up and play.
September 13,Positive Thinking Day – Mindset = magic.
September 14,Cream-Filled Donut Day – A sweet surprise inside.
September 15,Make a Hat Day – DIY crown moment?
September 16,Play-Doh Day – Unleash your inner sculptor.
September 17,Batman Day – Be the hero.
September 18,Cheeseburger Day – Stack it high!
September 19,"Talk Like a Pirate Day – Ahoy, matey!"
September 20,Fried Rice Day – Stir it up.
September 21,Mini Golf Day – Putt around and chill.
September 22,"Hobbit Day – Elevenses, anyone?"
September 23,Sign Languages Day – Hands that speak.
September 24,"Punctuation Day – Grammar nerds, unite!"
September 25,Comic Book Day – BAM! POW! YES!
September 26,Love Note Day – Scribble your heart out.
September 27,"World Tourism Day – Dream destinations, unlocked."
September 28,Strawberry Cream Pie Day – Berry good choice.
September 29,World Heart Day – Take care of your ticker.
September 30,Podcast Day – Hit play and vibe.
October 1,International Coffee Day – Brew-tiful start to the month!
October 2,Name Your Car Day – Zoomie deserves a name.
October 3,Techies Day – Shoutout to the geeks who run the world.
October 4,Taco Day – Holy guacamole it’s taco time!
October 5,World Teachers' Day – Thank a teacher today.
October 6,"Mad Hatter Day – Get quirky, wear that weird hat."
October 7,"Frappe Day – Blend it, sip it, love it."
October 8,Octopus Day – Eight arms of awesome.
October 9,Moldy Cheese Day – Only for the brave.
October 10,World Mental Health Day – Check in with yourself.
October 11,Sausage Pizza Day – A slice above.
October 12,Farmers Day – Appreciate the real OGs of food.
October 13,Train Your Brain Day – Puzzle time!
October 14,Dessert Day – Eat dessert first (and last).
October 15,Grouch Day – Channel your inner Oscar.
October 16,World Food Day – Everyone deserves a full plate.
October 17,Pasta Day – Twirl into tastiness.
October 18,Chocolate Cupcake Day – Little cakes of joy.
October 19,"Evaluate Your Life Day – Deep thoughts, bro."
October 20,"Sloth Day – Move slow, live fast."
October 21,Reptile Awareness Day – Scaly and sensational.
October 22,Caps Lock Day – TODAY IS LOUD.
October 23,iPod Day – Throwback to the shuffle era.
October 24,Bologna Day – It’s pronounced boh-loh-nyee.
October 25,Greasy Foods Day – Get your fingers shiny.
October 26,"Pumpkin Day – Basic? Nah, iconic."
October 27,"Black Cat Day – Pet them, don't fear them."
October 28,Plush Animal Lovers Day – Cuddle up.
October 29,"Internet Day – We love you, WiFi."
October 30,Candy Corn Day – Love it or hate it?
October 31,"Halloween – Spook, snack, repeat."
November 1,"World Vegan Day – Plants on your plate, power in your step."
November 2,Deviled Egg Day – A little spice goes a long way.
November 3,Sandwich Day – Stack it your way.
November 4,Candy Day – Sugar rush season.
November 5,"World Tsunami Awareness Day – Stay informed, stay safe."
November 6,Saxophone Day – Blow your own horn.
November 7,Bittersweet Chocolate with Almonds Day – Fancy and fab.
November 8,STEM Day – Celebrate curiosity and code.
November 9,Chaos Never Dies Day – Embrace the beautiful mess.
November 10,Vanilla Cupcake Day – Simple. Sweet. Supreme.
November 11,Singles Day – Treat yourself!
November 12,Chicken Soup for the Soul Day – Cozy up inside and out.
November 13,World Kindness Day – Be the reason someone smiles.
November 14,Pickle Day – It’s a big dill.
November 15,"Clean Out Your Fridge Day – Mystery Tupperware, beware."
November 16,Fast Food Day – Fries before guys.
November 17,"Take a Hike Day – Literally, get out there."
November 18,Mickey Mouse Day – Oh boy!
November 19,Toilet Day – Sanitation saves lives.
November 20,Absurdity Day – Embrace the nonsense.
November 21,World Television Day – Binge with purpose.
November 22,Go For a Ride Day – Hop on something with wheels.
November 23,Espresso Day – Shots! (Of caffeine)
November 24,"Sardines Day – Tiny fish, big flavor."
November 25,Shopping Reminder Day – The holidays are coming...
November 26,Cake Day – Let them eat it.
November 27,Pins and Needles Day – Stay sharp.
November 28,French Toast Day – Sweet start to the day.
November 29,Electronic Greetings Day – Send a pixelated hug.
November 30,Computer Security Day – Lock it down!
December 1,World AIDS Day – Awareness. Support. Progress.
December 2,Fritters Day – Deep-fried delight!
December 3,Make a Gift Day – DIY vibes on point.
December 4,"Cookie Day – Bake it, eat it, repeat."
December 5,Ninja Day – Stealth mode: activated.
December 6,Microwave Oven Day – A moment for modern magic.
December 7,Letter Writing Day – Old-school charm still hits.
December 8,"Brownie Day – Fudgy, chewy greatness."
December 9,Techno Day – Dance like it’s Berlin in the '90s.
December 10,Human Rights Day – Equality for everyone.
December 11,Mountain Day – Go climb something (or Google it).
December 12,Gingerbread House Day – Edible architecture!
December 13,Violin Day – Strings and soul.
December 14,Monkey Day – Go bananas.
December 15,"Cupcake Day – Personal cakes, endless joy."
December 16,Chocolate-Covered Anything Day – No wrong answers.
December 17,Wright Brothers Day – Thanks for flight.
December 18,Answer the Phone Like Buddy the Elf Day – Try it!
December 19,Hard Candy Day – Sweet and strong.
December 20,"Games Day – Roll dice, move pieces, win."
December 21,Crossword Puzzle Day – 1 Across: Fun.
December 22,"Date Nut Bread Day – Grandma core, engage."
December 23,Festivus – For the rest of us.
December 24,Eggnog Day – Cheers in a cup.
December 25,"Christmas Day – Joy, peace, and presents!"
December 26,Boxing Day – Chill. Shop. Leftovers.
December 27,Visit the Zoo Day – Lions and tigers and fun!
December 28,Card Playing Day – Shuffle up.
December 29,Pepper Pot Day – A stew with history.
December 30,Bacon Day – Everything’s better with bacon.
December 31,"New Year’s Eve – Reflect, rejoice, reset."
